address_id,user_id,date_of_creation,company_name,full_name_contact_person,phone_number_contact_person,email_contact_person,company_description,full_name_service_person,phone_number_service_person,email_service_person
27,5,2019-03-06,Ainyx,Aretha Crunkhorn,125-350-2255,ekester0@blogspot.com,Shufflester,Ezmeralda Kester,247-930-2830,ekester0@washingtonpost.com
5,2,2018-10-30,Ntag,Dennie Peacey,941-890-6834,rpulbrook1@odnoklassniki.ru,Twiyo,Ruthy Pulbrook,622-666-5833,rpulbrook1@usgs.gov
1,3,2018-06-21,Jabbersphere,Camey Lines,101-562-2082,rpasquale2@sciencedaily.com,Gevee,Rayna Pasquale,760-853-2611,rpasquale2@twitter.com
23,6,2019-02-22,Skipfire,Stinky Petyakov,280-764-8947,vcowperthwaite3@unc.edu,Livefish,Vlad Cowperthwaite,287-762-3389,vcowperthwaite3@dailymail.co.uk
28,8,2018-10-10,Quimba,Ezechiel Shearn,157-827-0329,gfoye4@ow.ly,Skajo,Gertrudis Foye,289-936-0906,gfoye4@google.it
1,3,2019-01-23,Zoozzy,Frankie Lambart,107-557-7772,bbaxstare5@samsung.com,Quatz,Britt Baxstare,317-936-0666,bbaxstare5@themeforest.net
8,6,2018-11-10,Feedbug,Clem Ugolotti,361-558-6807,kmabbe6@booking.com,Dynazzy,Kean Mabbe,881-452-0136,kmabbe6@myspace.com
17,4,2018-06-09,Trilith,Burt Cordobes,588-819-9410,gromney7@mapquest.com,Oloo,Gideon Romney,668-434-2301,gromney7@symantec.com
34,4,2018-10-31,Photobug,Cynthea Immer,777-375-4255,bbloschke8@go.com,Photolist,Betteanne Bloschke,318-879-5549,bbloschke8@businessinsider.com
5,8,2018-03-27,Zoomlounge,Analise Hurdidge,825-149-2163,clucian9@sun.com,Photolist,Candie Lucian,735-329-4482,clucian9@pcworld.com
22,6,2018-08-03,Rooxo,Natala Fairburne,850-969-9816,bbullara@nationalgeographic.com,Zooveo,Beauregard Bullar,603-801-9124,bbullara@mashable.com
27,5,2018-07-31,Meeveo,Joelly Szymonwicz,692-261-5709,agrishaninb@cam.ac.uk,Edgeblab,Aurie Grishanin,972-183-5340,agrishaninb@businesswire.com
39,5,2018-12-22,Brightdog,Farlie Andriuzzi,581-786-4113,pebrallc@pinterest.com,Eare,Pepi Ebrall,588-895-4084,pebrallc@oaic.gov.au
36,6,2018-07-07,Gigaclub,Herb Garfield,661-340-4167,lbelhamd@smh.com.au,Tagchat,Leonidas Belham,977-935-5116,lbelhamd@indiatimes.com
30,4,2018-07-16,Yakitri,Dallas Kilbane,450-524-5108,nsimoense@canalblog.com,Thoughtbridge,Nichole Simoens,943-149-2136,nsimoense@mit.edu
50,3,2018-10-06,Buzzshare,Darb Pecey,299-394-9868,msokillf@squarespace.com,Pixonyx,Myer Sokill,602-583-3303,msokillf@google.co.uk
27,6,2018-09-19,Jatri,Juieta Guest,527-232-1131,hlaurantg@economist.com,Kamba,Helen-elizabeth Laurant,892-223-0994,hlaurantg@theatlantic.com
27,8,2018-04-11,Feedfire,Amandy Philcox,542-543-9616,pjaynesh@seesaa.net,Photobean,Pamella Jaynes,860-596-2753,pjaynesh@instagram.com
40,7,2018-12-09,Twitternation,Gerladina Eliez,290-658-5940,qculpani@quantcast.com,Oyoyo,Quincy Culpan,746-710-2701,qculpani@dot.gov
36,4,2018-12-06,Browsetype,Humfried Gasperi,345-946-4420,aausherj@nyu.edu,Kamba,Angelo Ausher,609-129-9894,aausherj@nps.gov
30,2,2018-10-16,Thoughtmix,Aloin Vondrys,798-919-7702,tfulgerk@merriam-webster.com,Vinte,Terence Fulger,416-602-3784,tfulgerk@ask.com
22,7,2019-01-15,Cogilith,Auguste Penny,453-219-5459,ryanovl@examiner.com,Topicstorm,Rosemonde Yanov,799-575-3957,ryanovl@irs.gov
8,3,2019-02-13,Meezzy,Bax O'Donnelly,692-272-9963,fsawyersm@youtu.be,Muxo,Francesco Sawyers,769-385-9452,fsawyersm@ucla.edu
41,3,2018-09-08,Vimbo,Constantino Berecloth,301-395-7578,lgreatheadn@shinystat.com,Vimbo,Leanor Greathead,988-615-0325,lgreatheadn@dion.ne.jp
4,5,2018-11-20,Topiczoom,Nari Pylkynyton,508-165-0691,aotridgeo@networksolutions.com,JumpXS,Amalee Otridge,759-190-9190,aotridgeo@usa.gov
25,5,2018-06-26,Buzzshare,Byron Dagnall,182-178-7821,byurkevichp@ycombinator.com,Realfire,Bartlet Yurkevich,362-756-9256,byurkevichp@bandcamp.com
29,6,2018-11-29,Ntags,Onfroi Flores,701-156-3693,pleanq@buzzfeed.com,Zoomzone,Patsy Lean,792-618-5559,pleanq@cmu.edu
17,6,2018-07-07,Devshare,Cindie Lane,696-647-9165,ctriswellr@huffingtonpost.com,Livetube,Charyl Triswell,667-705-3781,ctriswellr@facebook.com
12,3,2019-02-22,Wikizz,Myra Chowne,863-131-5807,sleifs@free.fr,Meevee,Sissy Leif,324-125-0894,sleifs@flavors.me
7,8,2018-11-29,Buzzdog,Tricia Bryan,163-707-6049,brenneyt@fema.gov,Katz,Ban Renney,821-416-8960,brenneyt@live.com
44,7,2018-08-11,Devshare,Ardra Paine,897-661-5584,rdengelu@quantcast.com,Divavu,Ranee Dengel,292-199-3332,rdengelu@symantec.com
38,2,2018-12-08,Einti,Tim Renzini,331-979-3626,pcottlev@forbes.com,Jabbersphere,Perceval Cottle,525-753-9439,pcottlev@upenn.edu
24,5,2018-08-08,LiveZ,Renelle Iacovini,998-711-3346,ltextonw@weibo.com,Realfire,Lombard Texton,520-182-1250,ltextonw@sohu.com
28,2,2018-07-15,Blogtags,Gert Leavesley,420-882-8344,bbrimmanx@deviantart.com,Browsedrive,Bronson Brimman,500-693-7292,bbrimmanx@w3.org
47,4,2018-06-03,Avavee,Buddie Houlson,772-976-9239,glabany@intel.com,Oba,Goran Laban,189-519-1178,glabany@amazon.com
33,5,2018-06-19,Voonder,Mufi Bish,575-791-4883,dgallehawkz@cbsnews.com,Gabcube,Dougy Gallehawk,871-360-3575,dgallehawkz@go.com
47,7,2018-03-30,Linktype,Mora Vallance,437-345-2595,gedgcumbe10@umich.edu,Thoughtbridge,Gilles Edgcumbe,200-950-1186,gedgcumbe10@devhub.com
31,3,2018-03-25,Yabox,Carolynn Astman,539-499-5830,abrackpool11@istockphoto.com,Feedbug,Ainslee Brackpool,505-858-5992,abrackpool11@pcworld.com
20,8,2018-09-15,Oba,Jerrine Denisevich,447-859-8907,acandie12@eventbrite.com,Babbleset,Anetta Candie,946-792-8705,acandie12@google.fr
4,3,2018-07-01,Flashpoint,Giulietta Grzegorzewicz,680-477-5679,jerangy13@berkeley.edu,Podcat,Julie Erangy,585-285-2471,jerangy13@tripod.com
4,4,2018-11-04,Myworks,Luther Kettlestringe,865-628-8193,otiernan14@qq.com,Abatz,Oates Tiernan,161-780-3663,otiernan14@aboutads.info
41,2,2018-08-27,Yakitri,Skip Sottell,518-441-1523,tjentle15@devhub.com,Topdrive,Teena Jentle,703-174-4903,tjentle15@altervista.org
21,5,2018-11-13,Tambee,Pru Robberts,966-460-3053,dlinden16@dropbox.com,Voolia,Dunn Linden,692-227-2031,dlinden16@i2i.jp
3,7,2019-02-18,Wordpedia,Konstantine Yurkiewicz,645-324-4343,cerskin17@ftc.gov,Youtags,Cristiano Erskin,696-251-5174,cerskin17@1688.com
6,4,2018-05-07,Riffwire,Dael Severs,393-645-6201,hhurn18@virginia.edu,Miboo,Hermann Hurn,667-578-8300,hhurn18@hc360.com
10,3,2018-11-08,Buzzbean,Wenonah Ticehurst,655-290-2404,msleet19@uol.com.br,Brightbean,Miguela Sleet,318-832-7548,msleet19@mashable.com
4,3,2018-06-14,Fiveclub,Pierre Rubinowitsch,252-135-1518,bdimitresco1a@cornell.edu,Innojam,Brewer Dimitresco,422-726-3364,bdimitresco1a@nytimes.com
6,7,2018-12-23,Buzzbean,Aldric Twomey,130-213-0543,dschreurs1b@bandcamp.com,Photobug,Deva Schreurs,606-171-6117,dschreurs1b@mayoclinic.com
8,3,2018-06-02,Npath,Dory Pennyman,649-480-6128,fkeys1c@4shared.com,Avamm,Francisco Keys,883-803-0277,fkeys1c@wix.com
29,8,2018-05-09,Blogtag,Pammy Crichmer,742-230-8336,wbroggetti1d@fc2.com,Thoughtmix,Wendye Broggetti,175-136-7340,wbroggetti1d@china.com.cn
30,3,2018-06-01,Tambee,Collete Serjeantson,432-331-2719,awardrop1e@state.gov,Realfire,Averyl Wardrop,770-770-5550,awardrop1e@shinystat.com
39,7,2018-08-20,Devify,Junia Parman,924-593-8289,khamshere1f@time.com,Edgetag,Kalina Hamshere,527-408-4013,khamshere1f@nytimes.com
26,8,2018-12-31,Kaymbo,Graham Horsburgh,111-523-5372,cabley1g@goo.gl,Oyoba,Cecily Abley,893-558-3874,cabley1g@dedecms.com
36,4,2018-11-02,Dabjam,Dorri Epple,769-565-3567,cde1h@telegraph.co.uk,Feedbug,Cecilla De La Coste,689-880-7441,cde1h@jiathis.com
31,3,2018-10-31,Rhycero,Granger Meader,895-827-8501,vmarsden1i@berkeley.edu,Oyoyo,Vilma Marsden,703-128-2313,vmarsden1i@lycos.com
47,7,2019-03-06,DabZ,Desmond Clayborn,424-338-9701,ihicks1j@hugedomains.com,Livetube,Ira Hicks,840-904-0031,ihicks1j@nytimes.com
10,4,2018-06-11,Topiclounge,Valera Fonzo,262-857-2255,ilingwood1k@umn.edu,Kwimbee,Isabelita Lingwood,365-539-2806,ilingwood1k@wix.com
15,8,2018-11-02,Linkbuzz,Arda Badrock,697-431-8122,nlabbe1l@naver.com,Twitterbeat,Nancey Labbe,738-691-7346,nlabbe1l@shareasale.com
37,7,2018-04-15,Blogspan,Joe Dur,749-910-1360,carsnell1m@bravesites.com,Vinder,Clyve Arsnell,985-666-0499,carsnell1m@cbsnews.com
27,4,2018-06-08,Abatz,Cristin Comar,813-211-6851,lgilkison1n@stanford.edu,Photobug,Libbey Gilkison,204-868-9309,lgilkison1n@usgs.gov
26,7,2018-04-22,Quimba,Aldwin Niccols,118-970-1980,mdobbings1o@360.cn,LiveZ,Malissa Dobbings,414-234-9589,mdobbings1o@mac.com
31,8,2018-08-06,Ailane,Augustine Tredwell,272-473-0239,hjacklin1p@spotify.com,Skajo,Hayley Jacklin,988-200-6650,hjacklin1p@ox.ac.uk
4,5,2019-01-07,Brainsphere,Rutger Boni,210-338-7860,gellyatt1q@hao123.com,Realpoint,Griffith Ellyatt,834-888-9351,gellyatt1q@edublogs.org
30,2,2018-07-28,Gabspot,Alfie Cantwell,203-671-0800,kbelz1r@whitehouse.gov,Ntag,Kellina Belz,975-500-4850,kbelz1r@cornell.edu
33,4,2018-06-23,Twitterbeat,Maighdiln Maith,716-993-0743,hblankman1s@ucoz.com,Aibox,Helenka Blankman,790-307-1153,hblankman1s@rambler.ru
36,7,2018-10-12,Skippad,Randall McDunlevy,318-715-8395,kfranzetti1t@hhs.gov,Podcat,Kendricks Franzetti,925-144-1026,kfranzetti1t@squarespace.com
20,5,2018-03-24,Skivee,Manuel Sprackling,272-663-4558,depsley1u@surveymonkey.com,Photobean,Douglas Epsley,222-747-0162,depsley1u@cloudflare.com
42,4,2018-08-16,Meeveo,Brnaba Eveling,896-549-1248,mfassam1v@xrea.com,Dabvine,Mikey Fassam,179-645-7662,mfassam1v@biblegateway.com
24,8,2018-08-24,Dazzlesphere,Aharon Shiels,480-621-1926,aschoolcroft1w@cargocollective.com,Edgewire,Adrien Schoolcroft,152-779-9720,aschoolcroft1w@posterous.com
3,8,2018-10-24,Einti,Prisca Kalaher,673-464-2699,lmc1x@miitbeian.gov.cn,Skiptube,Lillis Mc Meekin,897-123-9049,lmc1x@tamu.edu
44,2,2018-05-24,Meembee,Drusie Zealey,135-993-8399,szapata1y@independent.co.uk,Quatz,Sibylla Zapata,646-684-5744,szapata1y@opera.com
47,2,2018-05-01,Yabox,Vlad Atheis,703-397-0639,aguidini1z@constantcontact.com,Photobean,Ailee Guidini,137-876-8450,aguidini1z@theglobeandmail.com
10,8,2018-07-09,Livetube,Dewey Beale,932-549-8364,mlambertciorwyn20@symantec.com,Skyble,Muffin Lambert-Ciorwyn,852-731-4097,mlambertciorwyn20@networksolutions.com
48,4,2018-08-23,Vinte,Ronni Champerlen,997-937-9613,dshoppee21@furl.net,Zava,Dwain Shoppee,362-746-7787,dshoppee21@desdev.cn
34,8,2019-03-06,Mynte,Mirilla Lindenstrauss,311-197-9519,smilsted22@ftc.gov,Twitterlist,Susanetta Milsted,973-590-7536,smilsted22@mayoclinic.com
39,7,2018-04-09,Jabberbean,Sorcha Bischoff,190-398-2853,kjacquemet23@theatlantic.com,Zazio,Kathy Jacquemet,691-198-1106,kjacquemet23@networksolutions.com
7,6,2018-09-26,Gigaclub,Winnifred Bertelet,591-579-9867,ggrigorian24@google.com.hk,Camimbo,Gusty Grigorian,815-592-6637,ggrigorian24@oakley.com
28,2,2019-01-21,Photobean,Vlad Vescovini,471-230-8184,ddartan25@hibu.com,Zoomlounge,Diannne Dartan,397-111-3731,ddartan25@samsung.com
4,4,2018-03-11,Voonder,Lennie Daynter,969-476-6767,aspridgen26@bravesites.com,Leenti,Aloysia Spridgen,101-909-6808,aspridgen26@jiathis.com
35,5,2018-11-08,Kayveo,Ignace Kynvin,414-452-4704,cjanca27@java.com,Skimia,Cristiano Janca,980-481-3760,cjanca27@whitehouse.gov
13,5,2018-05-14,Quinu,Deloris Vasyutichev,683-848-7938,ihaxbie28@scribd.com,Skimia,Irma Haxbie,655-304-8469,ihaxbie28@ebay.co.uk
28,3,2018-05-17,Vimbo,Pamella Pattisson,651-865-3067,ptixier29@bravesites.com,Omba,Perla Tixier,947-835-0347,ptixier29@weibo.com
27,7,2018-12-24,Yamia,Neala Hambright,309-587-3674,pperrelle2a@timesonline.co.uk,Skinte,Philipa Perrelle,245-547-6841,pperrelle2a@adobe.com
37,8,2018-03-31,Ntags,Milissent Garforth,449-109-8419,rmanilo2b@buzzfeed.com,Zoozzy,Reamonn Manilo,458-309-6410,rmanilo2b@nationalgeographic.com
39,3,2018-07-04,Skilith,Tawnya Olivazzi,200-151-3811,korthmann2c@t.co,Twitterlist,Klemens Orthmann,613-468-5136,korthmann2c@omniture.com
8,7,2019-02-09,Twimm,Janie Metcalf,606-765-3503,jadamou2d@google.it,Eadel,Janos Adamou,726-584-9666,jadamou2d@spiegel.de
6,5,2018-11-17,Dazzlesphere,Mariel Foxon,867-289-6826,hbeuscher2e@businessinsider.com,Meetz,Hailey Beuscher,280-833-0726,hbeuscher2e@ft.com
10,2,2018-09-18,Brightbean,Val Jacomb,468-346-5382,lchatin2f@ebay.co.uk,Demizz,Lovell Chatin,579-498-1273,lchatin2f@washington.edu
11,4,2018-11-04,Lazzy,Renault Blakebrough,462-761-6817,squeripel2g@ning.com,Eamia,Shawna Queripel,322-506-8938,squeripel2g@weibo.com
50,5,2018-05-24,Babbleblab,Dacy Meiningen,668-318-5852,lduiguid2h@4shared.com,Shuffletag,Livvie Duiguid,831-981-5252,lduiguid2h@mapy.cz
41,8,2019-02-04,Shuffletag,Annetta Crebbin,357-700-0551,twrout2i@list-manage.com,Wordware,Terza Wrout,665-527-2711,twrout2i@amazon.co.uk
13,8,2018-06-09,Jayo,Almira Leggett,274-814-3643,rteall2j@plala.or.jp,Kare,Reba Teall,729-248-3566,rteall2j@ted.com
39,3,2018-03-13,Bubblemix,Sigismondo Cappineer,358-274-8271,parter2k@barnesandnoble.com,Thoughtbeat,Paula Arter,426-556-5838,parter2k@google.com.hk
34,4,2019-01-25,Gigaclub,Timothee MacKaig,343-223-3952,dhazeman2l@buzzfeed.com,Thoughtworks,Dennison Hazeman,586-810-9988,dhazeman2l@ehow.com
18,8,2018-07-30,Vinder,Bonnee Plomer,881-754-7065,dmaffia2m@gizmodo.com,Voonyx,Dominique Maffia,156-134-1476,dmaffia2m@psu.edu
40,6,2018-03-28,Twitterworks,Adriana Dakhno,444-269-4668,ndeddum2n@oracle.com,Realbuzz,Nickolas Deddum,792-206-3743,ndeddum2n@ycombinator.com
14,6,2019-02-25,Avamba,Elfrida Ogley,935-361-5983,mmayow2o@histats.com,Riffpedia,Merrili Mayow,998-886-4340,mmayow2o@mayoclinic.com
40,2,2018-08-06,Gabvine,Kathye Scimonelli,156-746-5538,eperelli2p@admin.ch,Skinder,Eduard Perelli,316-821-0032,eperelli2p@wiley.com
28,6,2018-09-04,Katz,Taddeo Peron,560-605-7646,mknight2q@google.fr,Avavee,Meaghan Knight,988-480-6185,mknight2q@uol.com.br
33,3,2018-05-06,Photobug,Ashby Mereweather,281-305-8989,epresdee2r@privacy.gov.au,Wikizz,Ellette Presdee,754-287-9865,epresdee2r@dropbox.com
38,6,2018-08-03,Topiczoom,Malorie Bartol,923-226-5411,sjiruca2s@netvibes.com,Realfire,Sue Jiruca,468-956-8236,sjiruca2s@php.net
39,4,2018-06-01,Tekfly,Hedwig Lawler,403-672-1457,imarcq2t@sitemeter.com,Twitterbridge,Inesita Marcq,318-496-8264,imarcq2t@army.mil
10,8,2018-10-02,Realmix,Kinsley Romans,841-487-7772,jtailby2u@tinypic.com,Vinder,Juan Tailby,928-296-3451,jtailby2u@devhub.com
5,2,2018-08-20,Quinu,Judi Ganderton,349-512-2483,epillans2v@addthis.com,Layo,Ev Pillans,699-511-8499,epillans2v@multiply.com
22,2,2018-07-02,Skyble,Chrysa Pibworth,329-154-9449,cfelgat2w@blogspot.com,Dabjam,Cari Felgat,288-637-4256,cfelgat2w@devhub.com
25,4,2019-01-06,Mydo,Murielle Vigietti,272-498-2551,mhucklesby2x@sciencedaily.com,Feedspan,My Hucklesby,766-904-1855,mhucklesby2x@ucoz.ru
27,5,2018-04-06,Brainsphere,Flo Grierson,342-538-2021,yfurzer2y@tinypic.com,Flipstorm,Yancey Furzer,380-101-8571,yfurzer2y@ycombinator.com
19,3,2019-03-06,Kare,Etheline Busson,443-351-8817,pledekker2z@wired.com,Rhycero,Paquito Ledekker,236-560-3615,pledekker2z@buzzfeed.com
43,5,2019-02-14,Topiclounge,Eudora Maffeo,552-983-6670,ahandes30@nih.gov,Latz,Ada Handes,906-657-1029,ahandes30@jimdo.com
27,4,2018-04-17,Skalith,Leisha McCaghan,250-188-1257,rellerman31@unesco.org,Bubbletube,Revkah Ellerman,306-587-9159,rellerman31@reddit.com
45,5,2018-10-07,Oyope,Petrina Bransdon,967-901-5948,plaise32@nytimes.com,Eamia,Penny Laise,617-150-2300,plaise32@ow.ly
24,2,2018-06-16,Edgeblab,Nial Breese,606-466-3163,agabbot33@woothemes.com,Vitz,Arleta Gabbot,973-950-8736,agabbot33@un.org
48,3,2019-02-11,Oloo,Audre Crosse,795-848-6413,ppringley34@jalbum.net,Roombo,Prisca Pringley,383-529-5911,ppringley34@biglobe.ne.jp
18,2,2018-08-14,Trudeo,Shawn Spinas,453-458-2557,eeayrs35@cyberchimps.com,Camimbo,Esteban Eayrs,569-955-7209,eeayrs35@nyu.edu
33,7,2018-12-07,Kazio,Glori Haggish,963-449-6317,epedlingham36@archive.org,Skinix,Edmund Pedlingham,818-847-7269,epedlingham36@nasa.gov
13,6,2019-01-10,Bluejam,Leupold Shufflebotham,249-315-6410,cquince37@phpbb.com,Vidoo,Channa Quince,682-787-1294,cquince37@ihg.com
9,5,2019-01-26,Camido,Bruis Velasquez,238-232-7296,mquirke38@cpanel.net,Rhycero,Melisent Quirke,682-473-9781,mquirke38@zdnet.com
48,3,2018-10-26,Buzzster,Karin Nodes,597-735-9810,pbonham39@businessinsider.com,Jaxbean,Poppy Bonham,607-789-6503,pbonham39@irs.gov
9,2,2018-11-15,Meevee,Cortney Ferre,179-403-0574,cgatiss3a@newyorker.com,Abata,Carny Gatiss,589-652-8628,cgatiss3a@admin.ch
16,3,2018-08-15,Livepath,Sharl Placidi,127-910-1790,rguillart3b@joomla.org,Feedfish,Rosemonde Guillart,189-651-3330,rguillart3b@loc.gov
37,6,2018-04-07,Feedmix,Emile Littlechild,228-913-1270,rrivlin3c@amazon.co.jp,Buzzdog,Rafe Rivlin,756-226-9835,rrivlin3c@t.co
16,2,2018-10-19,Bluejam,Roxi Moran,932-709-5576,sbraddock3d@japanpost.jp,Babbleopia,Starr Braddock,169-724-6098,sbraddock3d@google.de
6,7,2018-10-11,Leenti,Broderic Caukill,587-713-5334,aharsnipe3e@webs.com,Topiclounge,Alic Harsnipe,127-926-9473,aharsnipe3e@state.gov
2,5,2018-11-08,Viva,Lucie Ashfold,702-989-3398,icluse3f@cisco.com,Pixope,Ignacio Cluse,702-518-3367,icluse3f@seesaa.net
3,4,2018-04-15,Oozz,Gates Mathe,642-619-6281,ccuddehay3g@sourceforge.net,Eayo,Chet Cuddehay,935-576-8872,ccuddehay3g@abc.net.au
17,3,2018-04-02,Pixonyx,Yetta Greenwell,527-713-4937,ncline3h@bizjournals.com,Babbleblab,Neely Cline,570-982-4454,ncline3h@baidu.com
49,7,2019-01-03,Edgewire,Alisha Roylance,289-438-9462,clabroue3i@reverbnation.com,Twitterbeat,Cherish Labroue,303-448-2966,clabroue3i@yandex.ru
6,5,2018-05-11,Quimm,Darren Frankiewicz,696-341-2181,glante3j@cloudflare.com,Browsebug,Gerhard Lante,778-259-7537,glante3j@163.com
36,8,2018-11-06,Twinte,Bar Tytcomb,674-776-5166,sfrensch3k@bigcartel.com,Quinu,Saree Frensch,676-341-0772,sfrensch3k@wufoo.com
2,2,2018-10-19,Devpulse,Yoshiko Minocchi,455-819-9051,aginnell3l@eepurl.com,Fadeo,Avigdor Ginnell,119-920-9103,aginnell3l@admin.ch
23,4,2019-02-25,Zava,Renaldo Limbrick,455-511-6040,khablet3m@mit.edu,Zooxo,Kathleen Hablet,144-342-9824,khablet3m@umich.edu
25,7,2018-05-24,Skiba,Zak Walentynowicz,206-716-1949,asiaspinski3n@yale.edu,Jaxspan,Ave Siaspinski,570-373-2050,asiaspinski3n@bbc.co.uk
44,7,2018-06-15,Topicshots,Cointon Postles,578-349-7543,egirkins3o@tuttocitta.it,Babbleopia,Ephrayim Girkins,616-329-4263,egirkins3o@acquirethisname.com
24,4,2018-08-31,Lazz,Gregorio Manderson,782-597-2814,amarsham3p@mit.edu,Twitterwire,Arther Marsham,508-243-1394,amarsham3p@google.com.au
25,6,2018-11-18,Centimia,Lorraine Skep,455-634-1462,tvaskin3q@cnet.com,Jaxspan,Toddie Vaskin,218-799-9941,tvaskin3q@odnoklassniki.ru
3,2,2018-04-23,Eidel,Vanni Furtado,697-805-3994,gfrounks3r@upenn.edu,Buzzbean,Greggory Frounks,352-200-4613,gfrounks3r@ucoz.com
12,2,2018-09-07,Izio,Gilburt Clemo,294-446-0297,hbryden3s@creativecommons.org,Meevee,Hubie Bryden,668-674-8529,hbryden3s@thetimes.co.uk
8,7,2018-08-06,Meevee,Blakeley Hasslocher,710-407-0148,agillott3t@stanford.edu,Eidel,Arvie Gillott,716-635-1899,agillott3t@cargocollective.com
39,7,2018-04-13,Katz,Eldon Machon,450-684-4632,pyoskowitz3u@pen.io,Gigashots,Putnem Yoskowitz,468-629-0888,pyoskowitz3u@nifty.com
47,7,2018-07-12,Tekfly,Adina Caldicot,327-353-1083,bbassindale3v@wix.com,BlogXS,Brooke Bassindale,716-773-2406,bbassindale3v@yahoo.com
26,7,2019-03-07,Twinder,Ambrose Larcombe,342-905-1364,mbreslin3w@ustream.tv,Mybuzz,Marybeth Breslin,769-305-5599,mbreslin3w@aboutads.info
22,5,2019-01-13,Abatz,Malcolm Barrott,441-575-6968,jmcgeady3x@cdc.gov,Roodel,Jerrie McGeady,492-604-8572,jmcgeady3x@ca.gov
5,5,2018-12-03,Zoombeat,Fee Clemits,465-808-9561,rloftie3y@toplist.cz,Skippad,Roxy Loftie,894-658-2769,rloftie3y@4shared.com
37,2,2018-05-07,Thoughtblab,Louie Sidle,418-782-8153,gguilloneau3z@umich.edu,Zoovu,Gaye Guilloneau,886-802-0092,gguilloneau3z@umn.edu
8,2,2019-03-01,Leexo,Aubrette Bracer,831-640-4400,mtedstone40@wikispaces.com,Zoombox,Marleah Tedstone,685-176-3211,mtedstone40@hhs.gov
11,2,2018-08-30,Thoughtsphere,Vicki Piegrome,307-110-4745,ndel41@devhub.com,Quatz,Nobie Del Monte,210-963-3606,ndel41@unblog.fr
46,2,2019-01-16,Rhynoodle,Euphemia Enrrico,533-111-0103,vfiske42@nifty.com,Feedbug,Valle Fiske,769-238-6944,vfiske42@chronoengine.com
9,4,2018-11-14,Buzzdog,Sydelle Leddy,225-979-5852,ajemison43@tamu.edu,Flipstorm,Auberon Jemison,330-766-0021,ajemison43@bbc.co.uk
6,8,2019-03-08,Eidel,Juan Pietri,982-525-5512,gstobo44@ted.com,Aimbu,Gusti Stobo,788-698-5607,gstobo44@moonfruit.com
50,2,2019-03-06,Twitterworks,Nannette Alvar,154-258-7604,bduhig45@github.io,Feedfire,Binny Duhig,864-679-9411,bduhig45@comsenz.com
18,7,2018-04-27,Thoughtworks,Devora Haddon,290-852-7509,mlarwood46@blogtalkradio.com,Mybuzz,Marti Larwood,266-345-1442,mlarwood46@123-reg.co.uk
43,7,2018-12-24,Gigabox,Marney Wethered,176-499-9511,nskill47@ovh.net,Edgeblab,Neddie Skill,125-562-4537,nskill47@epa.gov
50,7,2018-11-28,Devshare,Dyan Asquez,179-417-9382,xpridding48@vimeo.com,Blogpad,Xena Pridding,559-798-1765,xpridding48@google.ru
10,2,2018-05-20,Minyx,Tiebout Pelham,636-679-3318,tbentinck49@abc.net.au,Cogibox,Thomasine Bentinck,327-370-4241,tbentinck49@php.net
44,6,2018-08-20,Skivee,Caye Leet,399-783-7991,rwhyatt4a@walmart.com,Gigaclub,Riccardo Whyatt,750-357-0885,rwhyatt4a@addthis.com
1,7,2018-07-13,Fatz,Eartha Seeger,546-931-6101,mlamperti4b@timesonline.co.uk,Thoughtblab,Min Lamperti,472-376-1065,mlamperti4b@youtu.be
10,5,2018-05-25,Meevee,Arlan Whaplington,959-547-1916,knucator4c@goo.ne.jp,Devpoint,Koenraad Nucator,803-767-1392,knucator4c@lulu.com
45,4,2018-04-09,Jaxbean,Oona Serfati,110-934-1398,dscoyne4d@reference.com,Yakitri,Daryn Scoyne,778-508-3943,dscoyne4d@meetup.com
46,3,2018-05-28,Voonyx,Aubrie Wills,189-308-7466,kmalek4e@google.com.br,Pixoboo,Katya Malek,283-938-0946,kmalek4e@tmall.com
10,6,2018-05-03,Trunyx,Nathalie Andrivel,530-987-6853,bortmann4f@dedecms.com,Photojam,Birdie Ortmann,822-309-7093,bortmann4f@skype.com
42,4,2019-01-27,Skipstorm,Pasquale Haste,107-249-2345,dleopard4g@usda.gov,Viva,Dorella Leopard,309-196-0254,dleopard4g@patch.com
20,5,2018-06-22,Flashset,Delphine Godwyn,800-190-7315,akruschov4h@wp.com,Avamm,Albrecht Kruschov,545-871-9503,akruschov4h@jigsy.com
28,6,2018-07-22,Rhynyx,Fabio Jeanenet,363-731-2507,rbattison4i@timesonline.co.uk,Roomm,Rosanne Battison,822-646-9243,rbattison4i@blogger.com
7,3,2018-05-12,Feedfire,Kimmi Toyne,325-266-2313,jellcock4j@geocities.com,Thoughtsphere,Jeniffer Ellcock,361-241-2223,jellcock4j@examiner.com
27,5,2018-08-15,Oyoloo,Franklin Kelway,298-180-8566,tlurner4k@state.gov,Linklinks,Toby Lurner,542-969-3259,tlurner4k@zimbio.com
35,4,2018-06-18,Buzzdog,Reynard Ballantine,490-859-9230,emoscon4l@nature.com,Skyba,Ertha Moscon,123-206-6958,emoscon4l@wired.com
12,2,2019-02-12,Twitterworks,Cinnamon Simmance,555-329-1985,mbeining4m@ovh.net,Mynte,Min Beining,104-845-8804,mbeining4m@washingtonpost.com
24,8,2018-05-07,Janyx,Osbourn Edis,361-266-8021,fgravenall4n@google.fr,Yodoo,Floris Gravenall,460-531-0936,fgravenall4n@nasa.gov
24,3,2018-09-30,Roodel,Lydie Madge,294-470-2580,ofiddymont4o@springer.com,Mybuzz,Odelia Fiddymont,475-415-0005,ofiddymont4o@diigo.com
32,6,2018-10-02,Vitz,Kristian McCloid,868-912-0048,kleonards4p@webs.com,Trunyx,Kelley Leonards,114-261-0116,kleonards4p@columbia.edu
28,7,2019-02-23,Aivee,Matthieu McLeman,163-487-9386,eogriffin4q@dyndns.org,Eidel,Elisha O'Griffin,350-937-1300,eogriffin4q@uol.com.br
3,3,2018-08-14,Bubbletube,Les Letson,933-175-6021,mgoter4r@wikimedia.org,Realcube,Malanie Goter,776-474-5639,mgoter4r@columbia.edu
26,6,2018-04-26,JumpXS,Benedicto Bambra,357-640-6476,esamms4s@wp.com,Voomm,Evita Samms,783-290-8759,esamms4s@naver.com
38,8,2018-04-19,Trunyx,Tyler Manuely,818-790-6897,amitkin4t@biglobe.ne.jp,Livefish,Antonius Mitkin,531-878-8269,amitkin4t@samsung.com
27,3,2018-12-29,Camido,Mildrid Dabels,364-114-5666,wpatzelt4u@latimes.com,Eayo,Wheeler Patzelt,912-639-0661,wpatzelt4u@altervista.org
40,7,2018-09-23,Twitterlist,Fielding Ruos,834-450-6806,gmumby4v@skyrock.com,Thoughtworks,Gordon Mumby,267-159-7377,gmumby4v@microsoft.com
15,8,2018-09-10,Skimia,Darcey Duggen,853-134-5828,tmaciver4w@lycos.com,Wikizz,Timi MacIver,133-117-0864,tmaciver4w@skyrock.com
10,3,2018-09-20,Thoughtblab,Gregoire Allanby,904-184-6444,rsehorsch4x@vkontakte.ru,Mymm,Rorke Sehorsch,829-866-1420,rsehorsch4x@amazon.de
43,4,2019-02-01,Katz,Quincy Norrie,619-356-1871,bdicker4y@cam.ac.uk,Mynte,Binky Dicker,356-728-8589,bdicker4y@privacy.gov.au
38,6,2018-08-30,Zoomzone,Carmina Hauxwell,688-327-4214,jitzkovsky4z@google.nl,Jayo,Jodie Itzkovsky,910-266-5417,jitzkovsky4z@smh.com.au
3,6,2018-05-22,Bubblemix,Travus Carff,603-690-5721,lwhitworth50@i2i.jp,Kwimbee,Louise Whitworth,928-855-2223,lwhitworth50@msu.edu
19,2,2018-05-08,Skimia,Rachele Haugh,423-961-1929,mdavidovich51@bloglines.com,Quimba,Meggi Davidovich,531-540-1514,mdavidovich51@bloglovin.com
15,7,2018-07-26,Brainsphere,Fabian Giovanitti,657-334-1326,cszapiro52@1688.com,Kwinu,Cort Szapiro,315-240-7407,cszapiro52@mashable.com
5,6,2018-05-07,Wordify,Merwyn Whybrow,763-879-7476,tgenever53@google.es,Devbug,Torrin Genever,782-349-4087,tgenever53@hubpages.com
37,5,2018-08-21,Divape,Filippo Delacroix,656-980-4154,stritten54@reverbnation.com,Bubbletube,Shane Tritten,807-190-5706,stritten54@businessinsider.com
31,8,2019-03-02,Eayo,Janenna Clardge,630-429-7238,rluney55@istockphoto.com,Thoughtbeat,Rollin Luney,364-782-7620,rluney55@businessweek.com
18,6,2018-07-28,Digitube,Ronna Wilcocks,741-808-1301,cmikalski56@example.com,Mydeo,Charline Mikalski,577-775-0962,cmikalski56@ask.com
24,7,2018-10-31,Brainbox,Angeli Ducarel,274-410-6600,shalshaw57@google.com.br,Voomm,Shel Halshaw,665-371-1882,shalshaw57@google.ca
32,2,2018-04-27,Eayo,Stacie Coupland,130-541-5456,cde58@yelp.com,Twimbo,Cobbie De Gregoli,966-961-2177,cde58@digg.com
39,3,2018-12-31,Yadel,Danny Deighan,378-564-9638,aspargo59@scribd.com,Gabvine,Allen Spargo,555-690-2836,aspargo59@disqus.com
42,6,2019-02-11,Fliptune,Cyndia Towll,291-963-6815,mle5a@chron.com,Realcube,Mauricio Le Provest,680-375-7785,mle5a@yellowpages.com
31,2,2018-11-17,Vinte,Dimitri Boutcher,567-141-6882,kvoisey5b@cyberchimps.com,Skippad,Kaitlynn Voisey,824-979-2498,kvoisey5b@last.fm
45,8,2018-03-12,Tagchat,Kerwin Allatt,914-305-1333,wchristian5c@blogspot.com,Photobug,Winston Christian,807-581-9588,wchristian5c@soup.io
19,5,2018-05-14,Divanoodle,Bennie Brumhead,141-832-3913,ksexton5d@clickbank.net,Oyoba,Kalli Sexton,778-373-5835,ksexton5d@livejournal.com
7,5,2018-09-21,Yabox,Freda Scaplehorn,626-845-1897,tcuerda5e@ed.gov,Browsecat,Thadeus Cuerda,611-321-5020,tcuerda5e@surveymonkey.com
27,7,2018-03-21,Rhynyx,Kass Gorrick,608-457-9663,igeke5f@independent.co.uk,Meevee,Inglebert Geke,790-768-9228,igeke5f@tmall.com
49,2,2018-10-07,Abata,Neddy Slyne,585-597-1732,lcuthbertson5g@reference.com,Topicblab,Lane Cuthbertson,307-578-7846,lcuthbertson5g@sun.com
23,5,2019-02-28,Mybuzz,Vaclav Glendinning,211-883-9633,klumb5h@youku.com,DabZ,Kandy Lumb,501-892-2950,klumb5h@ycombinator.com
7,8,2019-01-29,Brightdog,Aubree Rosengren,641-518-1016,mbeenham5i@npr.org,Edgepulse,Micki Beenham,705-400-2093,mbeenham5i@go.com
48,6,2018-07-29,Twimbo,Kerrin Laffan,124-792-3959,ageistbeck5j@storify.com,Fadeo,Avis Geistbeck,811-316-6100,ageistbeck5j@free.fr
