id,address_id,user_id,date_of_creation,company_name,full_name_contact_person,phone_number_contact_person,email_contact_person,company_description,full_name_service_person,phone_number_service_person,email_service_person
1,1,2,2016-05-08,Brainbox,"Penelope Drioli",470-187-4512,dgosart0@ca.gov,Bluejam,"Den Gosart",779-798-7439,dgosart0@goo.ne.jp
2,2,3,2017-02-16,Kimia,"Sophronia Presdee",749-277-1624,nfoker1@webeden.co.uk,Flashdog,"Nadeen Foker",432-641-0343,nfoker1@shinystat.com
3,3,4,2018-06-18,Skipfire,"Donica Turmel",904-157-9781,ckeslake2@technorati.com,Babbleblab,"Cristal Keslake",772-133-4663,ckeslake2@ovh.net
4,4,5,2016-06-29,Eare,"Ian Goter",683-735-1165,afrowd3@woothemes.com,Photojam,"Ainslee Frowd",580-827-5662,afrowd3@marriott.com
5,5,6,2017-02-02,Buzzdog,"Elyse Preist",929-806-4232,sdunnaway4@fastcompany.com,Dabfeed,"Scotty Dunnaway",327-975-2860,sdunnaway4@live.com
6,6,7,2018-12-14,Meejo,"Loise Vlasenkov",999-441-1866,hmauro5@google.co.jp,Leexo,"Harwilll Mauro",845-741-5785,hmauro5@salon.com
7,7,8,2016-12-16,Trudoo,"Adler Bohlens",248-338-8817,tharbor6@harvard.edu,Oyoba,"Thedric Harbor",154-481-8844,tharbor6@independent.co.uk
8,8,2,2016-08-14,Edgeify,"Foster Waddicor",197-154-5018,tantonutti7@posterous.com,Leexo,"Tiertza Antonutti",810-539-7321,tantonutti7@admin.ch
9,9,3,2017-03-02,Yodel,"Kelly Abrams",235-777-2327,dshivlin8@homestead.com,Zoovu,"Dante Shivlin",899-402-4897,dshivlin8@nytimes.com
10,10,4,2019-01-02,Ooba,"Farris Brighouse",977-426-4197,acotelard9@printfriendly.com,Nlounge,"Annalise Cotelard",849-298-9753,acotelard9@theatlantic.com
11,11,5,2016-05-14,Edgepulse,"Kiley Jakovijevic",905-748-5512,spendrea@home.pl,Blognation,"Shir Pendre",889-972-3528,spendrea@gov.uk
12,12,6,2017-06-26,Twitterlist,"Casie Maier",331-283-3417,pstoltzb@i2i.jp,Photofeed,"Peadar Stoltz",910-762-4450,pstoltzb@npr.org
13,13,7,2017-01-23,Flashpoint,"Fleurette Gedling",242-779-7512,wjandacc@altervista.org,Voolith,"Worth Jandac",527-136-8331,wjandacc@hud.gov
14,14,8,2018-05-30,Thoughtbeat,"Byran Zeal",999-924-5402,mpeyrod@springer.com,Eayo,"Montgomery Peyro",830-430-5453,mpeyrod@howstuffworks.com
15,15,2,2018-09-01,Innojam,"Keefer Beininck",170-250-7161,bbufferye@g.co,Gabcube,"Barthel Buffery",758-633-1387,bbufferye@jimdo.com
16,16,3,2016-09-12,Twitterbridge,"Nicolle Zupo",571-521-2718,eyewdellf@usatoday.com,Jetpulse,"Ethelred Yewdell",411-889-3674,eyewdellf@rambler.ru
17,17,4,2017-11-26,Roombo,"Karen Turfin",908-207-9958,kegginsong@altervista.org,Ntags,"Kath Egginson",592-980-8764,kegginsong@craigslist.org
18,18,5,2016-07-28,Bluejam,"Erastus Minget",173-790-8512,bwillshireh@arizona.edu,Edgewire,"Birdie Willshire",596-102-2384,bwillshireh@hubpages.com
19,19,6,2017-07-14,Yombu,"Joan VanBrugh",961-440-6047,cneedhami@homestead.com,Tagpad,"Cathleen Needham",186-605-3729,cneedhami@biglobe.ne.jp
20,20,7,2018-12-17,Jaxnation,"Danila Dow",343-314-1623,nbarendtsenj@homestead.com,Thoughtblab,"Niki Barendtsen",444-695-8877,nbarendtsenj@java.com
21,21,8,2018-02-15,Edgewire,"Clive Dumbrall",729-202-2538,mbackwellk@japanpost.jp,Gabtype,"Mellicent Backwell",593-409-7697,mbackwellk@omniture.com
22,22,2,2017-01-12,Trupe,"Dael Jordi",556-474-6128,ybergstrandl@walmart.com,Livetube,"Yovonnda Bergstrand",218-193-8052,ybergstrandl@photobucket.com
23,23,3,2018-06-01,Blognation,"Claus Northeast",252-103-2276,aphilipardm@goo.gl,Podcat,"Adrian Philipard",946-513-5604,aphilipardm@ifeng.com
24,24,4,2016-06-11,Meemm,"Phillida Cordy",658-804-1341,iearthfieldn@rambler.ru,Tazzy,"Ives Earthfield",717-182-1544,iearthfieldn@ehow.com
25,25,5,2016-05-19,Camimbo,"Torrence Havercroft",648-442-8541,rcorrieao@bbb.org,Skimia,"Rutger Corriea",427-627-6108,rcorrieao@a8.net
26,26,6,2016-06-10,Jayo,"Clio Phateplace",744-545-5817,ehankinp@networksolutions.com,Twiyo,"Evelina Hankin",251-398-2930,ehankinp@360.cn
27,27,7,2018-04-25,Photofeed,"Alonso Garshore",818-988-0186,jwilsherq@oracle.com,Flashset,"Joli Wilsher",533-861-4315,jwilsherq@prweb.com
28,28,8,2018-02-18,Shuffledrive,"Whitaker Yearsley",876-956-5283,drizziellor@hubpages.com,Jabberstorm,"Debby Rizziello",586-639-7467,drizziellor@usa.gov
29,29,2,2016-07-28,Aimbu,"Devondra Pulman",344-539-4549,awhitehalls@nydailynews.com,Aimbo,"Ashlee Whitehall",668-789-7031,awhitehalls@arstechnica.com
30,30,3,2016-03-28,Realbuzz,"Chrystel Casolla",672-824-7536,sjeffryest@umn.edu,Dabshots,"Stevana Jeffryes",537-575-2833,sjeffryest@ox.ac.uk
31,31,4,2018-04-12,Tagopia,"Shena Meehan",256-312-2974,eralstonu@bbc.co.uk,Vipe,"Elwin Ralston",463-915-9300,eralstonu@deliciousdays.com
32,32,5,2017-03-01,Innotype,"Suzann Munson",870-936-0118,tcoathupv@elpais.com,Demimbu,"Tann Coathup",657-659-7890,tcoathupv@tumblr.com
33,33,6,2017-01-04,Fivespan,"Sheff OShavlan",126-385-5127,gdodridgew@histats.com,LiveZ,"Gardie Dodridge",833-735-2823,gdodridgew@chron.com
34,34,7,2019-02-27,Skyndu,"Cassy Abrey",500-466-3870,bessamex@amazon.co.uk,Photospace,"Bren Essame",769-764-1652,bessamex@fda.gov
35,35,8,2017-01-17,Rhybox,"Zach Missen",289-339-4078,cbealey@nbcnews.com,Aimbo,"Colet Beale",215-936-0738,cbealey@theguardian.com
36,36,2,2017-08-24,Tambee,"Maddi MacElroy",913-252-8432,jwisedalez@spiegel.de,Ooba,"Jordana Wisedale",727-752-0553,jwisedalez@blogs.com
37,37,3,2017-02-02,Brainbox,"Kristi Di Frisco",821-505-1769,kreadett10@example.com,Innotype,"Kara Readett",966-248-1015,kreadett10@hexun.com
38,38,4,2018-10-01,Shuffletag,"Alford Felder",259-338-4745,jannand11@usgs.gov,Voonix,"Joyce Annand",722-633-9091,jannand11@mediafire.com
39,39,5,2018-01-02,Yakidoo,"Dilly De Filippi",321-988-1316,jsummersby12@chron.com,Browseblab,"Jocelyn Summersby",940-131-3486,jsummersby12@aboutads.info
40,40,6,2018-08-24,Skimia,"Natal Keiley",389-235-5341,akyngdon13@typepad.com,Omba,"Austin Kyngdon",385-489-2442,akyngdon13@jimdo.com
41,41,7,2016-04-01,Skyvu,"Bonny Viggers",953-956-4630,ncoiley14@tinyurl.com,Jetwire,"Noelle Coiley",196-788-3110,ncoiley14@wp.com
42,42,8,2016-12-02,Livetube,"Teresina Schanke",723-337-1095,ustrafford15@oakley.com,Agivu,"Udall Strafford",465-849-7875,ustrafford15@wiley.com
43,43,2,2017-08-04,Jaxbean,"Bertha Degan",344-939-4821,rcotelard16@amazon.com,Youtags,"Rosie Cotelard",729-779-3198,rcotelard16@hc360.com
44,44,3,2018-06-04,Skalith,"Bernardo Feaks",323-141-5716,lweed17@mlb.com,Feedfish,"Lizabeth Weed",160-443-4450,lweed17@samsung.com
45,45,4,2016-09-29,Skinix,"Shem Brightman",580-997-7855,wsimonich18@chronoengine.com,Skiba,"Windy Simonich",667-932-0343,wsimonich18@google.fr
46,46,5,2016-03-19,Camimbo,"Gray Smallpeace",616-940-5837,hshawyer19@foxnews.com,Roodel,"Hedda Shawyer",861-630-1701,hshawyer19@mac.com
47,47,6,2018-11-25,Wikizz,"Kata Bellee",609-118-5384,rcostock1a@japanpost.jp,Gabspot,"Ragnar Costock",761-395-3453,rcostock1a@eepurl.com
48,48,7,2018-04-08,Minyx,"Terrill Le Count",343-553-6062,bscudders1b@amazonaws.com,Mydo,"Bonnibelle Scudders",695-429-8603,bscudders1b@alibaba.com
49,49,8,2017-10-24,Agimba,"Lola Sprionghall",310-796-9161,ceatherton1c@dell.com,Wikibox,"Courtney Eatherton",551-735-5160,ceatherton1c@amazon.co.uk
50,50,2,2017-09-19,Jayo,"Bertrando Tredger",278-786-5604,gtithecote1d@sakura.ne.jp,Viva,"Gilly Tithecote",665-117-1954,gtithecote1d@wikia.com
51,51,3,2016-07-28,Bluejam,"Berti Davidowich",603-557-5011,scolenutt1e@dmoz.org,Divavu,"Sara-ann Colenutt",756-260-7709,scolenutt1e@liveinternet.ru
52,52,4,2018-09-18,Jazzy,"Gerry La Torre",786-437-0101,rbertwistle1f@columbia.edu,Youtags,"Rickie Bertwistle",481-800-2745,rbertwistle1f@comsenz.com
53,53,5,2019-01-15,Jetpulse,"Edvard Coles",507-283-9310,shawton1g@51.la,Thoughtsphere,"Spence Hawton",318-553-2096,shawton1g@t-online.de
54,54,6,2019-01-04,Skyba,"Colin Lackmann",381-218-7490,ymatyasik1h@bloglovin.com,Devpulse,"Yankee Matyasik",951-203-5541,ymatyasik1h@discuz.net
55,55,7,2017-05-17,Voolia,"Hetty Loveless",520-203-6585,rsalasar1i@1und1.de,Linklinks,"Rolland Salasar",217-501-5779,rsalasar1i@pen.io
56,56,8,2018-07-24,Mycat,"Natale Hansford",114-542-5793,jgirardet1j@wsj.com,Wikibox,"Joni Girardet",139-587-0819,jgirardet1j@aboutads.info
57,57,2,2016-10-03,Feedfire,"Elvis Skin",624-521-6058,welvy1k@netscape.com,Kayveo,"Walliw Elvy",452-804-3814,welvy1k@fema.gov
58,58,3,2018-04-29,Mycat,"Leonora Labusquiere",630-998-8448,cgoodson1l@de.vu,Nlounge,"Catriona Goodson",446-909-2971,cgoodson1l@nhs.uk
59,59,4,2017-02-22,Thoughtsphere,"Raquel Freed",717-359-7926,sdanko1m@yandex.ru,Quimba,"Shurlock Danko",171-249-5685,sdanko1m@army.mil
60,60,5,2018-12-29,Tazzy,"Morlee Kervin",494-813-5112,hcurrer1n@furl.net,Yata,"Hyacinthie Currer",323-300-7794,hcurrer1n@icq.com
61,61,6,2016-08-19,Jabbercube,"Dunc Passingham",574-418-4929,ipiechnik1o@webeden.co.uk,Quinu,"Ikey Piechnik",354-773-4048,ipiechnik1o@mysql.com
62,62,7,2018-01-19,DabZ,"Vance Lamberth",590-230-6608,lbaggott1p@furl.net,Avavee,"Lilyan Baggott",537-582-8141,lbaggott1p@chicagotribune.com
63,63,8,2018-02-16,Jabbertype,"Miguelita Orrow",184-638-1182,clavall1q@amazonaws.com,Browsezoom,"Christophorus Lavall",603-792-4962,clavall1q@amazon.co.uk
64,64,2,2018-11-17,Trunyx,"Reuben Face",583-980-0083,jbordiss1r@irs.gov,Linkbridge,"Junia Bordiss",789-182-8071,jbordiss1r@stumbleupon.com
65,65,3,2017-08-05,Yodo,"Charlton Saunier",787-702-9317,kbartoleyn1s@dailymotion.com,Skynoodle,"Kath Bartoleyn",797-206-3168,kbartoleyn1s@i2i.jp
66,66,4,2018-02-14,Blogtag,"Kain Tussaine",266-837-4988,fcockin1t@infoseek.co.jp,Katz,"Faustine Cockin",905-168-4367,fcockin1t@soundcloud.com
67,67,5,2018-10-07,Youtags,"Jaquelin Bartolic",912-122-1281,rturneaux1u@uol.com.br,Dabfeed,"Rafi Turneaux",730-453-6917,rturneaux1u@twitpic.com
68,68,6,2017-07-13,Latz,"Zarla Younge",172-330-3102,nsuttill1v@census.gov,Livefish,"Nancy Suttill",687-629-7944,nsuttill1v@mysql.com
69,69,7,2017-08-31,Buzzbean,"Edouard Covey",745-902-0236,tmariet1w@fda.gov,Zoozzy,"Tuesday Mariet",525-527-7961,tmariet1w@timesonline.co.uk
70,70,8,2017-12-12,Oozz,"Killian Tampling",562-733-0183,vomoylane1x@eepurl.com,Aimbu,"Vilhelmina OMoylane",241-930-6152,vomoylane1x@odnoklassniki.ru
71,71,2,2018-05-25,Mudo,"Margalo Huzzey",319-169-1675,dlarby1y@tinyurl.com,Babbleblab,"Dilly Larby",854-380-7610,dlarby1y@wikia.com
72,72,3,2018-11-06,Rhyzio,"Avrom Bridat",824-225-2768,dhaggerwood1z@wunderground.com,Tagfeed,"Debby Haggerwood",573-817-9975,dhaggerwood1z@japanpost.jp
73,73,4,2017-09-01,Yodoo,"Diana Cloughton",430-668-4369,ccrummay20@aol.com,Realmix,"Corrie Crummay",780-279-8513,ccrummay20@furl.net
74,74,5,2016-08-04,Twimm,"Trixie Jemison",756-540-6458,cmaciejak21@netvibes.com,Topicblab,"Charissa Maciejak",704-850-7413,cmaciejak21@so-net.ne.jp
75,75,6,2017-12-24,Fivechat,"Brannon Doust",430-234-6484,mmccard22@huffingtonpost.com,Flashdog,"Montgomery McCard",387-666-2965,mmccard22@delicious.com
76,76,7,2017-06-22,Twimbo,"Libbey Thies",670-966-8594,lrobbings23@cpanel.net,Dynava,"Leta Robbings",516-704-1353,lrobbings23@delicious.com
77,77,8,2017-07-27,Meembee,"Hall Roistone",707-480-3242,amaymand24@sakura.ne.jp,Meevee,"Archy Maymand",249-467-5668,amaymand24@hostgator.com
78,78,2,2017-09-15,Vidoo,"Skip Craddy",521-443-9452,rweavers25@devhub.com,Edgepulse,"Rees Weavers",484-696-3165,rweavers25@answers.com
79,79,3,2018-12-25,Snaptags,"Wallie Ackerman",470-341-5611,screwes26@domainmarket.com,Tambee,"Susanetta Crewes",136-160-4174,screwes26@hud.gov
80,80,4,2016-08-24,Jazzy,"Maryanne Kondratovich",413-679-2997,bverna27@icio.us,Zoomdog,"Bartholomeus Verna",560-588-0771,bverna27@smugmug.com
81,81,5,2017-09-26,Dynabox,"Edsel Soares",747-293-5052,mdobey28@arizona.edu,Browsedrive,"Mart Dobey",405-573-3378,mdobey28@uol.com.br
82,82,6,2018-04-17,Mycat,"Corrina Rapaport",723-512-2670,hgebhard29@ehow.com,Midel,"Haley Gebhard",740-980-0287,hgebhard29@yahoo.co.jp
83,83,7,2018-08-08,Skynoodle,"Pierette Le Sieur",658-360-4325,rcrumley2a@amazon.co.jp,Yozio,"Rosalyn Crumley",841-346-7822,rcrumley2a@hud.gov
84,84,8,2018-10-26,Twinte,"Carolann Beeson",227-317-6544,cwhitehorne2b@ning.com,Meejo,"Claribel Whitehorne",612-579-8131,cwhitehorne2b@sitemeter.com
85,85,2,2016-10-01,Fivespan,"Crosby Buncombe",441-675-7052,hovershott2c@twitter.com,Shuffletag,"Harrie Overshott",981-941-2095,hovershott2c@mlb.com
86,86,3,2016-10-16,Aimbo,"Leona Heibel",161-358-9801,canthoin2d@cyberchimps.com,Zoombeat,"Calv Anthoin",386-144-7330,canthoin2d@netvibes.com
87,87,4,2018-06-15,Zoombox,"Ilka Archbould",516-657-9026,jrheaume2e@mac.com,Jabberbean,"Jacquie Rheaume",126-226-2600,jrheaume2e@amazon.co.uk
88,88,5,2017-10-26,Fivespan,"Mignonne Purrington",713-970-6325,mgrigoliis2f@amazon.de,Meeveo,"Midge Grigoliis",102-127-7918,mgrigoliis2f@nyu.edu
89,89,6,2016-09-25,Tagchat,"Lyssa Nuttall",390-152-2497,aallmark2g@comcast.net,Quaxo,"Arny Allmark",314-600-4412,aallmark2g@elpais.com
90,90,7,2018-12-23,Photobug,"Dorry Glowach",257-309-1385,btalloe2h@typepad.com,Photobean,"Brianna Talloe",716-826-5067,btalloe2h@mac.com
91,91,8,2018-08-09,Leexo,"Emmerich Jeckells",250-862-6705,rburbury2i@si.edu,Meeveo,"Rubetta Burbury",763-309-9831,rburbury2i@parallels.com
92,92,2,2018-05-18,Minyx,"Kelly Huntriss",133-545-6428,dsuttling2j@nsw.gov.au,Oyoba,"Devlen Suttling",941-318-8387,dsuttling2j@github.io
93,93,3,2017-10-05,Dynabox,"Orella Buckel",851-685-8017,sdeelay2k@ask.com,Aivee,"Spenser Deelay",727-717-5428,sdeelay2k@wufoo.com
94,94,4,2017-04-07,Edgeify,"Traci Drinnan",867-447-2494,acaughey2l@storify.com,Devpulse,"Anson Caughey",741-518-8057,acaughey2l@amazon.co.uk
95,95,5,2017-02-02,Topiczoom,"Alfredo Gudgin",735-271-8003,gferrier2m@un.org,Edgepulse,"Giulia Ferrier",419-914-2372,gferrier2m@yahoo.co.jp
96,96,6,2018-09-06,Dynabox,"Cleo Ettery",685-753-1117,kshingfield2n@icio.us,Camimbo,"Kimberli Shingfield",266-999-7187,kshingfield2n@imgur.com
97,97,7,2017-12-11,Skyba,"Isahella Gainfort",283-216-6542,skobieriecki2o@illinois.edu,Camido,"Scot Kobieriecki",654-266-5410,skobieriecki2o@mail.ru
98,98,8,2017-12-21,Realcube,"Levi Simmill",433-717-8684,ccorbie2p@slideshare.net,Meezzy,"Cirillo Corbie",311-818-5844,ccorbie2p@examiner.com
99,99,2,2016-07-09,Zoombox,"Aviva Leither",809-729-7370,estairmand2q@aol.com,Jaxspan,"Elvera Stairmand",860-995-8480,estairmand2q@blogspot.com
100,100,3,2018-05-21,Linktype,"Desi Charnick",623-121-9980,mcorstorphine2r@icio.us,Avaveo,"Marybelle Corstorphine",389-158-2813,mcorstorphine2r@spiegel.de
101,101,4,2018-09-18,Skinix,"Carline Brocklehurst",113-656-8574,gnormand2s@domainmarket.com,Zoovu,"Germain Normand",845-437-8485,gnormand2s@berkeley.edu
102,102,5,2016-05-06,Buzzdog,"Elladine Hizir",784-478-3423,agotthardsf2t@last.fm,Jayo,"Aloysius Gotthard.sf",246-650-6178,agotthardsf2t@gmpg.org
103,103,6,2017-06-08,Edgepulse,"Jessie McKennan",641-300-9535,gdanzey2u@comcast.net,Aivee,"Gabriela Danzey",392-447-4143,gdanzey2u@geocities.com
104,104,7,2016-04-13,Trudoo,"Demetrius Ashfull",286-311-4691,ebosquet2v@theguardian.com,Blogtags,"Elisha Bosquet",795-786-6813,ebosquet2v@ovh.net
105,105,8,2017-02-07,Devify,"Rutherford Vinson",782-166-6693,rdegan2w@ihg.com,Brainbox,"Raddy Degan",338-601-1218,rdegan2w@discuz.net
106,106,2,2016-08-30,Yabox,"Anallese Fearon",106-439-2710,omccarthy2x@sphinn.com,Roombo,"Owen McCarthy",870-187-0756,omccarthy2x@guardian.co.uk
107,107,3,2016-07-29,Roombo,"Merrile Barkway",846-677-6286,wjiran2y@nature.com,Jetpulse,"Woodrow Jiran",641-437-4143,wjiran2y@blogs.com
108,108,4,2017-07-24,Oba,"Maddy Gittens",477-950-4440,eisbell2z@gmpg.org,Ntags,"Ewart Isbell",465-197-7003,eisbell2z@naver.com
109,109,5,2016-05-06,Yakijo,"Claire MacMichael",811-916-8788,fmcquie30@yahoo.com,Yamia,"Fanni McQuie",381-695-0709,fmcquie30@engadget.com
110,110,6,2017-10-31,Jaloo,"Neilla Lovewell",168-347-5351,sblinde31@ca.gov,Twimm,"Sandor Blinde",651-626-6532,sblinde31@reference.com
111,111,7,2017-11-07,Zoomlounge,"Carmina Longstreeth",733-827-1955,hbanker32@cornell.edu,Mymm,"Hyacintha Banker",962-956-0613,hbanker32@senate.gov
112,112,8,2019-03-08,Browsecat,"Hedvige Leyban",300-448-3821,gdunstan33@mashable.com,Devshare,"Gerardo Dunstan",371-464-9089,gdunstan33@hatena.ne.jp
113,113,2,2016-08-31,Skivee,"Dukey Wigin",897-932-1783,vchapelhow34@facebook.com,Youspan,"Verne Chapelhow",830-460-8986,vchapelhow34@usnews.com
114,114,3,2017-01-06,Viva,"Arlan Pawelczyk",287-533-6503,vhuggill35@typepad.com,Shufflester,"Vincenty Huggill",394-723-0851,vhuggill35@mozilla.org
115,115,4,2017-11-02,Gigaclub,"Georgi Olivas",646-413-4103,ostonary36@about.me,Dabjam,"Otto Stonary",853-757-3705,ostonary36@youtu.be
116,116,5,2016-06-16,Rhyloo,"Chrotoem Cutten",186-109-8350,tpimm37@bloglines.com,Twimm,"Tades Pimm",474-956-9632,tpimm37@ebay.com
117,117,6,2016-06-05,Kazu,"Cleopatra Killby",461-306-0327,jpfeiffer38@alibaba.com,Zava,"Johnnie Pfeiffer",475-248-0917,jpfeiffer38@amazon.com
118,118,7,2017-12-29,Mydeo,"Myrlene Ashbey",544-583-1992,rbreznovic39@moonfruit.com,Brightdog,"Ruy Breznovic",870-223-8878,rbreznovic39@feedburner.com
119,119,8,2018-05-02,Realcube,"Kalinda Samwyse",592-614-6023,rvilliers3a@seattletimes.com,Centimia,"Roman Villiers",939-459-9737,rvilliers3a@sina.com.cn
120,120,2,2016-04-23,Bluezoom,"Nina Jerger",217-898-5864,rjenny3b@rediff.com,Babbleblab,"Raimondo Jenny",361-117-1263,rjenny3b@springer.com
121,121,3,2018-04-11,Realbuzz,"Charla Heaviside",347-692-9739,ndawe3c@i2i.jp,Devshare,"Norine Dawe",501-455-0108,ndawe3c@about.me
122,122,4,2017-12-03,Gabvine,"Pyotr Shorton",467-353-0962,pmenat3d@apple.com,Thoughtblab,"Philomena Menat",924-662-3423,pmenat3d@independent.co.uk
123,123,5,2016-10-26,Mudo,"Beatrisa Benz",669-121-1690,jwhatson3e@youtu.be,Linkbridge,"Juditha Whatson",226-387-5438,jwhatson3e@yale.edu
124,124,6,2016-11-20,Quire,"Chaddie Ingrey",944-143-5104,swheelhouse3f@marriott.com,Snaptags,"Steffen Wheelhouse",268-578-3628,swheelhouse3f@cyberchimps.com
125,125,7,2016-07-06,Myworks,"Timothy Rouge",286-659-3390,ulerner3g@plala.or.jp,Yozio,"Ursola Lerner",568-590-9255,ulerner3g@google.es
126,126,8,2016-11-30,Aibox,"Arturo Trengove",270-844-8414,ealoshkin3h@google.com.hk,Blogpad,"Emilie Aloshkin",804-394-3573,ealoshkin3h@un.org
127,127,2,2016-08-03,Pixonyx,"Harrie Kaye",388-694-7343,blaunder3i@oakley.com,Jaloo,"Brunhilde Launder",731-803-9431,blaunder3i@umich.edu
128,128,3,2017-08-10,Mudo,"Ossie Gawke",611-391-6647,bdavers3j@wikipedia.org,Trudoo,"Blanca Davers",770-549-3999,bdavers3j@over-blog.com
129,129,4,2018-05-22,Camimbo,"Darwin Walsh",523-160-3319,aphorsby3k@joomla.org,Jaxnation,"Aubine Phorsby",433-525-4251,aphorsby3k@hud.gov
130,130,5,2017-05-06,Mudo,"Joly Harlowe",714-332-9806,bketcher3l@live.com,Devcast,"Bryce Ketcher",159-749-8789,bketcher3l@stanford.edu
131,131,6,2018-03-15,Pixope,"Ediva Mudle",558-641-9343,cantonchik3m@mozilla.org,Eabox,"Cleopatra Antonchik",909-368-7020,cantonchik3m@cisco.com
132,132,7,2018-01-08,Divanoodle,"Tedda Linn",724-586-3482,aannell3n@ca.gov,Trunyx,"Angelique Annell",723-403-9259,aannell3n@cdc.gov
133,133,8,2017-09-20,Camimbo,"Mallorie Kielty",359-292-3630,icorness3o@hc360.com,Omba,"Irv Corness",430-154-5316,icorness3o@oracle.com
134,134,2,2019-01-27,Katz,"Jarret Misken",557-888-9165,bshmyr3p@sphinn.com,Cogilith,"Brooke Shmyr",468-644-0947,bshmyr3p@earthlink.net
135,135,3,2018-11-06,Vidoo,"Lorita Margaritelli",870-653-8464,ahatchell3q@tmall.com,Yotz,"Austine Hatchell",825-944-4122,ahatchell3q@ehow.com
136,136,4,2016-11-27,Katz,"Dagny Clotworthy",451-949-7142,cbyfield3r@indiegogo.com,Rhycero,"Cristian Byfield",701-501-2233,cbyfield3r@yolasite.com
137,137,5,2018-05-22,Realpoint,"Maximilianus Loble",196-149-8588,trosenzwig3s@yahoo.co.jp,Twitterbridge,"Tami Rosenzwig",590-983-3820,trosenzwig3s@google.com.au
138,138,6,2016-09-24,Shufflebeat,"Amble Aughtie",545-439-2798,pmcarley3t@nba.com,Blogspan,"Pauletta McArley",869-242-5206,pmcarley3t@mail.ru
139,139,7,2018-09-29,Jatri,"Tressa Ullyott",466-950-9534,cbresland3u@wufoo.com,Skiptube,"Chan Bresland",804-320-6811,cbresland3u@home.pl
140,140,8,2018-10-05,Edgepulse,"Natala Powelee",975-409-5772,hscroggins3v@cyberchimps.com,Nlounge,"Harriet Scroggins",559-173-8509,hscroggins3v@cam.ac.uk
141,141,2,2019-01-20,Photofeed,"Sada Chittem",361-514-7328,netches3w@shutterfly.com,Zava,"Noni Etches",746-728-5061,netches3w@wsj.com
142,142,3,2017-12-22,Edgetag,"Augustina Gisbye",454-574-3905,thise3x@ebay.co.uk,Quaxo,"Thurston Hise",107-931-4567,thise3x@ucoz.ru
143,143,4,2016-07-04,Flipbug,"Rodolph Henriques",296-501-1514,cfaier3y@addthis.com,Edgepulse,"Caitrin Faier",921-757-6674,cfaier3y@businesswire.com
144,144,5,2018-11-21,Wikido,"Carlynn Reder",441-374-8601,laustwick3z@storify.com,Midel,"Lissa Austwick",366-853-2488,laustwick3z@prnewswire.com
145,145,6,2016-11-16,Eare,"Zea Banck",521-530-3871,kivery40@aboutads.info,Eabox,"Kim Ivery",870-565-5841,kivery40@alibaba.com
146,146,7,2017-11-08,Skimia,"Ash Maynell",499-551-9048,msheehan41@tmall.com,Zoozzy,"Mendel Sheehan",849-945-7029,msheehan41@globo.com
147,147,8,2017-04-10,Npath,"Cortney Lupton",384-581-3040,hbatters42@google.fr,Agimba,"Hedwiga Batters",288-805-7795,hbatters42@state.tx.us
148,148,2,2017-07-07,Miboo,"Pavlov Bozward",704-534-3267,ljobbins43@usatoday.com,Janyx,"Lynea Jobbins",528-299-8526,ljobbins43@twitter.com
149,149,3,2017-12-19,Fivespan,"Galvin Sarjent",995-274-1392,mhyndson44@uol.com.br,Skimia,"Mendie Hyndson",490-391-9699,mhyndson44@stumbleupon.com
150,150,4,2018-10-16,Photofeed,"Kathrine Bedboro",391-968-3764,gwile45@paginegialle.it,Abata,"Georgeanna Wile",323-630-6239,gwile45@over-blog.com
151,151,5,2018-08-20,InnoZ,"Nerta Barti",287-480-0964,mputtnam46@hc360.com,Fiveclub,"Melita Puttnam",158-525-4603,mputtnam46@skyrock.com
152,152,6,2016-06-06,Mynte,"Maurene Kearn",610-829-6232,cmccaffrey47@prweb.com,Demimbu,"Clea McCaffrey",234-917-6108,cmccaffrey47@unesco.org
153,153,7,2017-04-28,Teklist,"Wildon Crowson",644-554-3841,lburt48@furl.net,Mybuzz,"Lexis Burt",541-990-3230,lburt48@bluehost.com
154,154,8,2016-10-20,JumpXS,"Maurie Paszek",496-660-0636,aabotson49@hatena.ne.jp,Tagcat,"Adrien Abotson",885-406-6059,aabotson49@wikimedia.org
155,155,2,2017-12-13,Topicware,"Raquela McWilliam",848-398-4680,ksmout4a@ovh.net,Riffwire,"Karney Smout",771-885-1913,ksmout4a@upenn.edu
156,156,3,2017-02-04,Edgewire,"Willa Mansbridge",803-456-9639,tbyrom4b@msn.com,Quinu,"Tabina Byrom",604-767-0465,tbyrom4b@cbc.ca
157,157,4,2017-10-29,Flipbug,"Rutledge Jeffrey",703-143-5417,zgodlonton4c@ftc.gov,Skipstorm,"Zola Godlonton",884-471-4238,zgodlonton4c@slideshare.net
158,158,5,2016-08-03,Rhycero,"Christine McGuinness",469-368-3756,ddenzilow4d@narod.ru,Jatri,"Donnell Denzilow",163-807-4760,ddenzilow4d@cloudflare.com
159,159,6,2017-12-18,Reallinks,"Nickie Chrystie",134-650-0029,lcardenoso4e@deliciousdays.com,Fivechat,"Lyndsay Cardenoso",536-971-6384,lcardenoso4e@mapy.cz
160,160,7,2018-08-09,Yambee,"Oralia Noddings",130-503-0510,ikaesmans4f@simplemachines.org,Gabvine,"Ilyssa Kaesmans",107-392-8145,ikaesmans4f@imdb.com
161,161,8,2017-10-10,Bluezoom,"Chaddy Ramsted",696-807-0747,agooderick4g@army.mil,Chatterpoint,"Adair Gooderick",341-624-5632,agooderick4g@biblegateway.com
162,162,2,2017-04-22,Tazz,"Julienne Piccop",456-776-6578,jmacenzy4h@biglobe.ne.jp,Skyndu,"Joeann Macenzy",506-693-4177,jmacenzy4h@wp.com
163,163,3,2018-02-06,Bubblemix,"Nikolai Salkeld",469-469-6467,icosgreave4i@quantcast.com,Realblab,"Igor Cosgreave",828-687-0623,icosgreave4i@live.com
164,164,4,2018-04-08,Demizz,"Imojean Colliber",476-604-5501,kcapron4j@jimdo.com,Oyope,"Katya Capron",298-520-2017,kcapron4j@google.com.hk
165,165,5,2017-06-25,Voolia,"Genovera Honatsch",548-485-1089,ebarrows4k@youtu.be,Shuffledrive,"Elianora Barrows",304-366-8838,ebarrows4k@prnewswire.com
166,166,6,2016-07-18,Meemm,"Robb Gerriessen",502-264-8331,bzapatero4l@umn.edu,Realblab,"Bibi Zapatero",512-682-0985,bzapatero4l@dailymail.co.uk
167,167,7,2017-09-08,Gabcube,"Cherrita Burry",556-830-2814,cdukelow4m@deviantart.com,Zooveo,"Candida Dukelow",841-567-4742,cdukelow4m@bandcamp.com
168,168,8,2018-07-22,Quire,"Starr Bardwall",739-632-2588,gtreffry4n@hugedomains.com,Brainverse,"Glynnis Treffry",399-559-1547,gtreffry4n@youtube.com
169,169,2,2017-08-12,Skiba,"Marcello Folcarelli",686-177-8304,hcroston4o@bing.com,Vipe,"Henka Croston",553-625-8192,hcroston4o@prlog.org
170,170,3,2018-03-15,Meemm,"Tisha Derdes",503-519-2664,pbisatt4p@msu.edu,Edgeblab,"Patric Bisatt",877-370-6423,pbisatt4p@histats.com
171,171,4,2017-04-10,Thoughtworks,"Fredric Scotson",987-453-7158,csteanson4q@uiuc.edu,Devify,"Celine Steanson",289-919-7644,csteanson4q@macromedia.com
172,172,5,2016-05-19,Photobug,"Alverta Fouldes",151-587-0316,gspurritt4r@umich.edu,Skimia,"Gloriane Spurritt",772-374-0046,gspurritt4r@typepad.com
173,173,6,2018-07-07,Avamm,"Agnes Wannell",568-413-1007,ncarletti4s@ning.com,Quinu,"Nike Carletti",517-786-6356,ncarletti4s@merriam-webster.com
174,174,7,2018-12-26,Thoughtworks,"Verge MacKay",931-791-7011,cadriaens4t@cnet.com,Kaymbo,"Ciro Adriaens",865-774-1083,cadriaens4t@homestead.com
175,175,8,2018-08-17,Feednation,"Kittie Beviss",975-678-6544,ccervantes4u@whitehouse.gov,Roombo,"Cherise Cervantes",398-877-2830,ccervantes4u@theglobeandmail.com
176,176,2,2017-02-15,Twitternation,"Corey Meltetal",602-132-1124,jjanse4v@dedecms.com,Photobug,"Joelly Janse",286-834-0275,jjanse4v@yellowpages.com
177,177,3,2016-10-18,Bluezoom,"Pablo Durward",479-910-1098,oguitton4w@weibo.com,Realbridge,"Ola Guitton",432-890-8280,oguitton4w@edublogs.org
178,178,4,2018-11-14,Riffpath,"Bettye Sherwyn",366-965-1157,pveck4x@wiley.com,Jaxspan,"Phedra Veck",868-903-0512,pveck4x@blogspot.com
179,179,5,2017-12-17,Buzzbean,"Mel Bullus",214-173-0975,glukasen4y@sfgate.com,Twitterworks,"Gayle Lukasen",998-768-4379,glukasen4y@ow.ly
180,180,6,2017-09-29,Quimba,"Cornall Grewcock",798-512-4923,gtaffie4z@si.edu,Pixonyx,"Gonzalo Taffie",990-505-5953,gtaffie4z@freewebs.com
181,181,7,2018-07-27,Feedfish,"Cariotta Squire",117-903-6246,lcoen50@kickstarter.com,Devcast,"Lesya Coen",752-577-7110,lcoen50@51.la
182,182,8,2018-01-14,Realbuzz,"Nester Roselli",276-661-6318,eguiu51@huffingtonpost.com,Zoomcast,"Elfie Guiu",740-598-9522,eguiu51@google.de
183,183,2,2016-12-12,Topiczoom,"Reta Bonifazio",862-947-9300,dcarty52@opera.com,Shuffledrive,"Dot Carty",102-145-6195,dcarty52@disqus.com
184,184,3,2017-03-24,Oodoo,"Margie Vise",349-201-9626,dyacob53@e-recht24.de,Yambee,"Dynah Yacob",599-603-5023,dyacob53@ucsd.edu
185,185,4,2017-06-02,LiveZ,"Clea Clampett",487-163-0554,abatting54@prnewswire.com,Thoughtstorm,"Andi Batting",447-274-1668,abatting54@google.cn
186,186,5,2016-07-15,Skivee,"Evan Storey",696-552-8362,aquesne55@indiegogo.com,Skilith,"Atlanta Quesne",162-437-9658,aquesne55@accuweather.com
187,187,6,2017-01-14,Edgetag,"Alistair Bradburne",570-941-3094,gsedgmond56@cmu.edu,Cogibox,"Georgia Sedgmond",586-534-7773,gsedgmond56@globo.com
188,188,7,2017-07-16,Divanoodle,"Feodora Clendennen",333-248-0428,djedras57@auda.org.au,Trupe,"Dill Jedras",297-737-9338,djedras57@addtoany.com
189,189,8,2017-03-21,Yabox,"Lela Elwin",734-822-8749,pmaciunas58@gnu.org,Kwinu,"Pincas Maciunas",940-161-3934,pmaciunas58@independent.co.uk
190,190,2,2016-10-24,Photofeed,"Yulma Nimmo",146-816-5675,ealgar59@imageshack.us,Zoonoodle,"Esma Algar",365-282-1027,ealgar59@addthis.com
191,191,3,2018-08-28,Feedspan,"Konstance Bavridge",219-284-1045,awhiscard5a@mtv.com,Plajo,"Aime Whiscard",865-672-1926,awhiscard5a@usnews.com
192,192,4,2017-04-10,Digitube,"Derry Sigward",424-420-7291,belsmore5b@indiegogo.com,Jaloo,"Bevvy Elsmore",669-357-4268,belsmore5b@deliciousdays.com
193,193,5,2017-06-29,Shufflester,"Hart Athelstan",848-877-8259,bellingworth5c@berkeley.edu,Jaxspan,"Blakeley Ellingworth",255-921-2220,bellingworth5c@symantec.com
194,194,6,2017-07-27,Shuffletag,"Rachel McLaine",104-819-3798,lmiskimmon5d@archive.org,Oyoba,"Lief Miskimmon",364-198-8464,lmiskimmon5d@goodreads.com
195,195,7,2016-09-10,Quire,"Marcos Jako",899-555-6280,gnaptin5e@odnoklassniki.ru,Gabtype,"Grier Naptin",371-342-0802,gnaptin5e@princeton.edu
196,196,8,2018-04-04,Oyondu,"Olivia Tunnick",761-483-3420,gmedland5f@unc.edu,Tazz,"Guthry Medland",788-897-5682,gmedland5f@biblegateway.com
197,197,2,2018-02-10,Voomm,"Cathie Pabst",968-756-3592,ajoyce5g@ask.com,Skaboo,"Ambros Joyce",674-875-2273,ajoyce5g@scribd.com
198,198,3,2018-02-27,Twinder,"Rhett Fraulo",559-865-2969,gashmore5h@people.com.cn,Yadel,"Garvin Ashmore",934-749-8632,gashmore5h@washington.edu
199,199,4,2017-09-08,Gigazoom,"Priscilla Scotchford",834-762-1987,gcollymore5i@multiply.com,LiveZ,"Gillan Collymore",275-365-6212,gcollymore5i@vk.com
200,200,5,2016-05-12,Shuffledrive,"Norman Manderson",684-377-1798,lcrosi5j@aol.com,Gigabox,"Lynett Crosi",547-340-1648,lcrosi5j@rediff.com
